word,example
appointment,I have an appointment with the manager.
meeting,The meeting starts at nine o'clock.
schedule,Please check the meeting schedule.
manager,The manager approved the request.
department,She works in the sales department.
employee,Every employee must attend the training.
deadline,The deadline is Friday afternoon.
document,Please send the document by email.
conference,The company will hold a conference next month.
colleague,My colleague helped me prepare the report.
airport,We arrived at the airport early.
passport,Please show your passport at the counter.
luggage,Your luggage is already on the plane.
departure,The departure time is eight o'clock.
arrival,The arrival time has been changed.
flight,Our flight leaves at seven in the morning.
ticket,I booked my ticket online yesterday.
gate,Please wait for us at gate twelve.
terminal,The shuttle bus stops outside the terminal.
destination,Paris is our final destination.
